1,Tbilisskaya,Melody,60,2,4,93,912
2,Oslo,Becker,394,1,15,159,730
3,Vyborg,Spaight,678,4,5,51,176
4,Al Marsá,Summerview,495,2,7,53,184
5,Gorno Orizari,4th,471,2,5,34,44
6,Cerkvenjak,Elka,958,3,19,294,817
7,Milán,Green,65,4,20,21,156
8,Fresno,Talmadge,251,3,17,135,532
9,Junqueiro,Mallard,591,1,11,154,619
10,Sioux City,Jackson,620,2,4,268,198
11,Shanjiao,Rigney,159,5,14,251,363
12,Gornyak,Dayton,330,1,6,241,529
13,Ðà Lạt,Eggendart,774,5,10,92,106
14,Viñac,Bunker Hill,200,3,9,175,61
15,Nýřany,Ridgeview,609,5,16,239,770
16,Zheleznogorsk,Spohn,294,5,18,159,621
17,Aga,Meadow Vale,425,2,15,15,472
18,Nanyuki,Arizona,234,5,8,155,718
19,Chachoengsao,Moose,239,3,4,123,3
20,Kladno,Westend,49,1,17,256,872
21,Motema,Hovde,750,3,3,137,68
22,Lijia,Erie,949,3,8,153,954
23,Marseille,Homewood,817,5,1,219,267
24,Batanghari,Montana,61,5,19,177,640
25,Beizhang,Caliangt,197,3,11,123,645
26,Cerrillos,Annamark,700,5,20,44,23
27,Santa Rosa del Sara,Elka,178,3,16,240,705
28,Kopang Satu,Straubel,762,5,14,94,573
29,Gradec,Messerschmidt,256,1,18,191,53
30,Rukem,Commercial,391,1,18,179,583
31,Vukatanë,Merry,531,1,1,71,656
32,Taiqing,Lakeland,642,1,16,222,848
33,Pulo,Pearson,748,3,3,165,934
34,Chichigalpa,Ruskin,472,3,8,179,200
35,Świecie nad Osą,Eagle Crest,676,2,6,156,868
36,Banjar Geriana Kangin,Union,940,2,9,145,505
37,Paso de Carrasco,Buena Vista,24,4,10,47,468
38,Austin,Rutledge,135,1,8,7,715
39,Östersund,Randy,850,5,13,291,984
40,Ube,Commercial,267,4,6,74,150
41,Paso de Indios,Division,869,2,11,178,278
42,Novyy Oskol,Karstens,503,5,4,148,93
43,Xiaoguai,Shoshone,595,5,18,175,820
44,Xin’an,Garrison,542,3,11,177,261
45,Trondheim,Duke,989,5,6,257,842
46,Jinshan,Green Ridge,853,3,10,11,381
47,Videira,American,368,1,19,114,885
48,Guay,Paget,532,3,8,128,514
49,Fengcheng,Monterey,938,5,10,59,884
50,Padangan,Elmside,281,4,8,134,797
51,San Jose,Harbort,945,3,2,93,204
52,Noginsk,Morrow,314,4,13,140,391
53,La Paz,Center,323,2,16,132,122
54,Itō,Heffernan,813,5,17,37,699
55,Oslo,Dwight,973,3,7,107,556
56,Campos,Shasta,160,2,13,169,23
57,Zhangjiahe,West,431,3,1,15,729
58,Rochester,Eliot,812,5,3,209,760
59,Vista Alegre,Magdeline,19,3,15,68,463
60,Del Campillo,Rutledge,247,3,5,285,83
61,Khun Han,Raven,192,3,6,177,560
62,Malakhovka,Bluestem,218,5,8,294,528
63,Kramarzówka,Ryan,399,1,12,220,782
64,Punta de Piedra,Corben,760,5,4,195,559
65,Mokopane,Hauk,565,1,11,130,958
66,Kolonowskie,Scoville,525,2,4,76,756
67,Sicheng,West,811,4,12,215,753
68,Culubasa,Del Mar,6,5,10,118,867
69,Aoluguya Ewenke Minzu,Kedzie,847,4,7,262,730
70,Cibeureum Satu,North,644,2,10,264,739
71,Viñac,Westridge,923,1,20,265,120
72,Wartburg,Summerview,276,1,11,142,659
73,Sterlitamak,Stuart,508,2,6,297,585
74,Caoping,Vermont,810,1,4,132,894
75,Konstantynów,Larry,811,5,7,285,191
76,Ōfunato,Mitchell,178,1,6,282,332
77,Bergerac,Hoepker,611,5,2,161,996
78,Văn Giang,Grim,594,3,18,57,296
79,Tsementnozavodskiy,Maywood,20,4,10,205,529
80,Petrolina,Main,211,5,8,187,304
81,Gereykhanovskoye,Forest Run,965,1,1,41,691
82,Hualongyan,Browning,217,1,15,144,501
83,Hantsavichy,Jenifer,779,5,1,83,389
84,Duang,Donald,202,3,7,20,799
85,Daduchuan,Judy,385,4,8,243,994
86,Bateria,Hermina,65,2,14,245,228
87,Quintão,Towne,583,4,18,16,144
88,Mukhen,Northview,711,4,12,48,967
89,Goshogawara,Karstens,601,4,3,181,693
90,Gjilan,Chinook,998,1,6,42,179
91,Povarovo,Rusk,620,1,14,202,109
92,Juzhen,Maywood,183,1,13,264,975
93,Bassano,Northland,538,5,14,300,471
94,Sikur,Drewry,361,5,11,208,94
95,Arcueil,Schlimgen,186,3,8,208,515
96,Yasothon,Talisman,982,5,17,284,893
97,Loppi,Steensland,571,2,14,16,739
98,Qasr Abu Hadi,Randy,966,2,13,164,51
99,Metz,Karstens,940,1,9,165,420
100,Sumberjati,Summer Ridge,913,1,10,152,332
101,Amashca,Jenna,200,2,3,89,110
102,Skotoússa,Carey,79,4,5,5,770
103,Yongdeng Chengguanzhen,Mayer,922,2,8,154,164
104,Wuyang,Everett,902,2,8,190,626
105,Terney,Stephen,528,5,13,129,814
106,Čapljina,3rd,131,3,3,123,219
107,Guohe,Londonderry,128,5,5,54,400
108,Burgos,Duke,997,1,18,271,263
109,Cabugao,Myrtle,982,5,14,17,858
110,Lowotukan,Hoffman,185,3,6,91,704
111,Masma,Blue Bill Park,145,4,1,280,999
112,Yubileynyy,Glendale,355,4,7,13,26
113,Patong,Dixon,907,2,6,167,489
114,Longmen,Sutteridge,595,3,10,21,146
115,Puerto Rico,Village,331,4,1,68,991
116,Lins,Lunder,982,4,13,87,956
117,Huangcun,Corscot,478,5,4,60,346
118,Rumoi,Tony,828,2,6,173,132
119,Mariestad,Tennyson,180,5,15,269,362
120,Chornyanka,Melby,186,4,13,120,484
121,Zhongxing,Arizona,825,2,11,155,135
122,Sirdaryo,Monterey,715,5,14,84,427
123,Lagangilang,School,622,3,3,167,287
124,Nałęczów,Manley,225,4,4,265,237
125,Bijeli,Banding,421,3,8,104,542
126,Fox Creek,Knutson,118,1,6,108,949
127,Altanbulag,Sugar,781,5,2,19,415
128,Ubajami,Carpenter,737,4,8,234,133
129,Mursaba,North,742,5,1,82,311
130,Zhongping,Kipling,730,2,1,243,19
131,Heřmanova Huť,Carey,238,5,7,207,299
132,Covão,Anderson,831,4,17,106,730
133,Glória do Goitá,Dayton,221,5,9,109,580
134,Nerópolis,Buell,604,2,5,75,893
135,Varadero,Oriole,514,4,6,180,372
136,Tilburg,Comanche,772,3,18,73,180
137,Chazón,Jana,795,2,15,81,78
138,Municipio de Copacabana,Parkside,309,5,6,194,898
139,Nueva Esperanza,Packers,149,5,7,73,158
140,Tempel,Blackbird,253,2,2,123,981
141,Muyuka,Pearson,477,4,2,34,693
142,Atbasar,Beilfuss,373,1,4,80,201
143,Pidigan,Lakewood,523,3,2,236,521
144,Burbank,Sullivan,682,1,18,191,662
145,Črenšovci,Susan,332,2,1,33,24
146,Shahr-e Bābak,Dovetail,37,5,8,85,901
147,Yao’an,Kensington,44,2,6,5,884
148,Monte Caseros,Westerfield,412,2,9,242,245
149,Jõhvi,Sugar,243,1,18,23,141
150,Xinbu,Charing Cross,374,5,9,200,905
151,Chatian,Toban,385,1,10,208,384
152,San Luis,Killdeer,658,2,14,193,170
153,Pułtusk,Upham,521,5,18,28,61
154,Topchikha,Killdeer,626,5,7,274,940
155,Ksawerów,Hayes,437,1,20,179,909
156,Confey,Springview,251,1,15,250,124
157,Ningdun,Cascade,762,4,1,84,591
158,General Elizardo Aquino,Mayfield,727,1,4,126,265
159,Easington,Steensland,625,2,18,78,887
160,Wolbrom,Autumn Leaf,998,2,16,282,353
161,Lebowakgomo,Ronald Regan,469,4,7,228,321
162,Las Vegas,Elka,144,1,12,106,318
163,Madara,Forest Dale,76,1,4,151,523
164,Russkiy,Thierer,694,4,11,115,911
165,Līvāni,Merry,793,3,14,46,941
166,Austin,Reindahl,396,2,1,284,893
167,Mtinko,Milwaukee,498,5,19,298,269
168,Kangān,Drewry,590,2,16,209,94
169,Cisagu,Upham,280,3,13,18,470
170,Barrancas,Delladonna,770,4,20,229,465
171,Mastaiciai,Scoville,813,1,18,241,687
172,Abbotsford,Derek,440,1,7,256,368
173,Fort McMurray,Veith,587,3,2,103,939
174,Barisāl,Sommers,594,4,7,100,635
175,Cabrero,Eagle Crest,483,2,16,21,445
176,Saint-Bruno-de-Montarville,Pine View,382,3,16,18,89
177,Wuyang,Rutledge,931,2,18,7,178
178,Ferrol,Dawn,993,2,13,196,300
179,Santa Apolonia,Artisan,426,2,7,147,560
180,Dingli,Di Loreto,784,3,3,68,686
181,Agboville,Bay,894,3,12,97,826
182,Aldana,Pine View,774,5,14,246,545
183,Dingdian,Lukken,59,4,3,243,721
184,Thị Trấn Nghèn,Mosinee,617,1,19,240,375
185,Jingyu,Scott,192,5,15,66,255
186,Rabaul,Scoville,217,1,2,141,382
187,San Salvador de Jujuy,Morningstar,64,5,12,138,1000
188,Kedung,Daystar,501,3,4,128,296
189,Logroño,Everett,547,5,2,4,230
190,Puno,Scoville,433,2,2,181,528
191,Bangilan,Merrick,500,2,18,14,714
192,Losino-Petrovskiy,Meadow Ridge,545,2,18,39,945
193,Harnoli,7th,335,5,19,6,939
194,Cincinnati,Mcguire,794,3,20,76,98
195,Banjar Tiga,Towne,449,3,19,25,953
196,Sete Cidades,Manufacturers,674,5,13,71,86
197,Antioquia,Mayfield,111,3,17,209,112
198,Yongtai,Amoth,32,4,10,174,932
199,Anchorage,Bashford,629,2,12,280,318
200,Harbin,Lindbergh,386,5,3,270,471
201,Gobabis,Westport,422,2,5,153,406
202,Zhangcun,Lunder,856,4,18,245,284
203,Tualangcut,Oneill,591,2,17,100,287
204,Drnje,Spaight,200,4,18,28,859
205,Qiubin,Tennyson,85,5,19,185,543
206,Xianrendu,Sommers,315,4,8,211,829
207,Apurawan,4th,774,1,18,202,582
208,Nusajaya,Northport,684,3,5,40,353
209,Skópelos,Green Ridge,753,4,12,291,968
210,Pukekohe East,Union,67,4,8,151,304
211,Point Pedro,Goodland,571,1,19,271,57
212,Arenas,Springs,959,3,20,38,402
213,Gigante,Jay,493,1,14,131,204
214,Tantu,Stephen,789,1,12,219,348
215,Nechanice,Laurel,803,5,7,177,993
216,Barrouallie,Bobwhite,673,5,20,51,120
217,Bicurga,Elgar,22,4,8,185,656
218,Tracal,Comanche,582,5,14,64,224
219,Linhares,Heath,844,3,13,205,259
220,Casais Brancos,Blackbird,672,5,16,90,130
221,Xinjie,Moulton,282,2,3,96,982
222,Ust’-Dzheguta,Division,165,4,1,150,474
223,Dongyu,Thierer,706,5,1,78,53
224,Bogolyubovo,Northfield,47,2,18,54,64
225,Prapen,Corscot,287,1,12,78,718
226,Huaqiao,Reinke,49,2,8,134,329
227,Houjiagang,Dahle,661,3,10,139,491
228,Albacete,Menomonie,725,4,17,14,265
229,Sovetakan,Summer Ridge,655,1,18,176,985
230,Štěchovice,Manufacturers,277,2,8,82,525
231,Las Americas,Forest Run,37,3,9,273,333
232,Kiszkowo,Union,153,5,15,296,850
233,Colmeal,Kingsford,383,3,20,6,481
234,Del Valle,Buena Vista,865,2,4,173,776
235,Encontrados,High Crossing,863,5,12,213,550
236,Hongshan,Blackbird,773,3,12,10,164
237,Argentan,Debra,716,3,3,271,263
238,Hushi,Sunbrook,793,4,20,143,502
239,Guayabo Dulce,Ludington,480,4,8,239,775
240,Carcassonne,Barnett,591,5,20,141,288
241,Machala,Rockefeller,727,4,12,294,712
242,Runsonglaozhai,Waywood,548,1,16,9,474
243,Baie-Comeau,Pearson,338,2,7,241,38
244,Pancalan,Stone Corner,385,3,4,146,542
245,Kwolla,Moulton,118,1,15,165,482
246,Trondheim,Summer Ridge,86,5,1,98,373
247,Lianozovo,Jay,984,3,12,247,259
248,Gangbian,Granby,129,2,1,291,507
249,Lancai,Hoffman,867,5,5,132,702
250,Jagong,Sundown,878,2,6,39,639
251,Little Rock,Lotheville,859,1,2,216,323
252,Xiaochuan,Gateway,893,5,4,23,304
253,Lyntupy,Blackbird,540,4,17,228,98
254,Xitan,Sugar,641,4,15,47,97
255,Donji Dobrić,Elgar,631,1,9,28,553
256,Lombo Meão,Springs,261,2,12,121,909
257,Bedalewun,Knutson,399,5,9,238,380
258,Taiyu,Fallview,640,1,13,38,183
259,Lianghe,Golden Leaf,953,5,13,300,4
260,Shangping,Delladonna,54,1,9,106,700
261,Karabanovo,Washington,91,1,1,63,794
262,Geshan,Main,297,4,7,251,669
263,Pedro Leopoldo,Tony,604,5,5,188,159
264,Ronov nad Doubravou,Morrow,80,5,19,273,341
265,Gelan,Armistice,968,5,14,177,36
266,Iizuka,Bultman,988,3,14,189,486
267,Yuping,Kinsman,577,1,7,220,553
268,Getung,Lindbergh,873,4,1,80,812
269,Opočno,Macpherson,13,4,15,241,418
270,Orange,Upham,245,2,8,91,417
271,Dolní Cerekev,Heath,599,2,4,270,595
272,Garoua,Sullivan,838,2,16,255,261
273,Pau,4th,40,5,17,55,181
274,Huangtang,Hollow Ridge,337,4,15,145,853
275,Xiabuji,Buhler,37,3,15,204,621
276,Novi Slankamen,Fairfield,936,5,10,95,393
277,Hostavice,Badeau,209,5,16,297,136
278,Jiquinlaca,Nelson,25,5,16,23,795
279,Milwaukee,Bonner,23,2,4,38,940
280,Bendo,Oxford,377,4,4,45,506
281,Rawa,Rusk,887,1,8,215,799
282,Dangjiaxian,Mosinee,569,5,3,3,499
283,Ogawa,Corben,867,1,4,132,751
284,Batubantar,Southridge,360,2,11,102,268
285,La Foa,Old Gate,517,5,2,132,354
286,Shuitou,Northland,728,3,9,35,462
287,Kuaidamao,Bartelt,951,5,1,276,315
288,Oslo,Kennedy,825,2,9,275,812
289,Hacıhüseynli,Helena,987,5,9,83,950
290,Krasnoshchekovo,Brickson Park,268,5,20,99,791
291,Gampingan,Erie,284,5,5,12,334
292,Naka,4th,183,1,9,63,645
293,Huanggang,Village,433,2,4,256,838
294,Guantánamo,Drewry,112,1,18,294,864
295,Thionville,Moland,733,2,8,93,919
296,Rönninge,Debs,765,3,13,237,166
297,Dashiren,North,776,5,17,181,219
298,Dandian,Mayfield,499,3,4,108,916
299,Mahaplag,Butterfield,245,1,10,195,200
300,Guankou,Browning,464,4,17,56,709
301,Changqiao,Pleasure,102,3,3,233,567
302,Jishui,Dexter,892,5,16,11,403
303,Gjoçaj,Vahlen,606,3,13,224,609
304,Stara Pazova,Cardinal,478,1,3,178,480
305,Dongjiao,Randy,596,5,1,103,240
306,Hachiōji,Crownhardt,975,4,2,61,590
307,Paradahan,Lunder,431,3,15,201,348
308,Sagae,Fisk,7,2,3,169,503
309,Lipnik,Northview,851,4,11,57,982
310,Hotaka,Rutledge,640,1,16,178,182
311,Jiaze,Ludington,82,3,6,47,151
312,Villa Las Rosas,Forster,172,2,14,207,962
313,Evansville,Dahle,947,1,3,241,503
314,Saint-Pierre-Montlimart,Hoffman,782,2,15,208,768
315,Babakanjaya,Mandrake,424,3,8,82,733
316,Kävlinge,Havey,339,5,3,63,866
317,Santa Vitória do Palmar,Nevada,784,5,15,294,893
318,Xin’an,Jana,102,3,6,172,636
319,Crossmolina,Karstens,912,1,15,266,121
320,Dolsk,Lotheville,449,1,8,118,136
321,Xingdian,Northfield,746,3,19,290,645
322,Novorozhdestvenskaya,Killdeer,224,3,5,154,112
323,Ostrov,Vahlen,378,2,9,140,792
324,Pataha,Forest Dale,703,1,9,226,566
325,Shicheng,Tennyson,161,5,10,223,778
326,Los Córdobas,North,108,4,19,178,916
327,Sanjiang,Mosinee,778,4,10,107,581
328,Donggaohuang,Westport,935,1,14,32,455
329,Hengshan,Laurel,861,4,12,159,366
330,Pryyutivka,Ridge Oak,166,2,9,253,116
331,Xinkai,Raven,526,1,5,149,81
332,Kinsealy-Drinan,6th,17,3,8,7,50
333,Baru,Sutteridge,228,2,6,57,349
334,Valtimo,Loomis,404,3,17,104,252
335,Budapest,Dexter,901,4,13,288,95
336,Totness,Bonner,399,3,6,204,431
337,Kaulon,Springview,38,4,1,268,494
338,Chinchiná,Mandrake,576,3,15,133,862
339,Lagoaça,Bayside,576,5,9,138,141
340,Rio das Pedras,Reinke,376,3,20,196,857
341,Tagasilay,Harbort,577,2,9,129,485
342,Bavorov,Porter,764,1,17,215,338
343,Hadayang,Duke,883,2,18,182,471
344,Jales,Mendota,866,4,2,91,59
345,Gose,Tomscot,840,5,18,114,497
346,Guarulhos,Carioca,278,2,13,223,764
347,Keta,Hayes,282,3,19,153,477
348,Longbei,Bluejay,855,4,8,222,181
349,Kralice na Hané,Lindbergh,993,2,3,220,274
350,Jansenville,Lake View,909,5,11,26,182
351,Pskov,Harper,314,4,7,227,498
352,Cabrobó,Morrow,823,2,15,60,27
353,Tanbuqiao,Lukken,209,2,6,110,235
354,Kuloy,Linden,573,5,18,163,435
355,Banjar Ponggang,Forster,828,1,3,133,472
356,El Paso,Moose,431,1,13,48,903
357,Santa Iria de Azóia,Porter,901,5,5,201,915
358,Gayam,John Wall,844,5,9,161,518
359,Kalývia,Schiller,893,2,2,130,859
360,Utajärvi,Cascade,313,4,14,105,107
361,Gafanha da Encarnação,Stoughton,809,4,3,52,717
362,Santa Quitéria,Graedel,354,4,17,47,884
363,Libiąż,Rigney,237,5,1,50,138
364,Ylihärmä,Old Shore,240,2,3,225,294
365,Gimo,Westend,277,4,5,143,297
366,Tukums,Division,206,4,3,63,280
367,Syrostan,Bellgrove,25,1,17,39,312
368,Lajinha,Jenifer,177,2,11,244,219
369,Boavista,Banding,564,2,8,28,577
370,Haapajärvi,Little Fleur,742,2,17,144,810
371,Al Miqdādīyah,Dakota,488,1,18,112,664
372,Santiago do Cacém,Maple Wood,908,5,20,240,939
373,Yangdenghu,Lakewood Gardens,213,5,2,259,808
374,Tatariv,Mariners Cove,913,5,10,15,658
375,Dumandesa,Pleasure,715,4,14,154,769
376,Svetlyy,Morningstar,184,3,15,74,635
377,Sukarame,Luster,483,5,11,185,909
378,Milanówek,Schurz,93,2,5,18,385
379,Askim,Grayhawk,551,3,17,125,228
380,Catayauan,Mcguire,621,3,18,54,85
381,Liudu,Linden,735,4,20,64,767
382,Samho-rodongjagu,Lukken,405,1,15,281,389
383,Kvasy,Bunting,367,3,19,35,215
384,Morani,Thackeray,296,4,3,220,150
385,Pirapo,Esker,539,4,3,191,542
386,Raydah,Reinke,516,1,3,30,128
387,Mandráki,Bobwhite,936,2,20,281,588
388,Calzada Larga,Graceland,986,2,8,166,898
389,Montréal-Ouest,Artisan,748,3,1,219,464
390,Nacka,Veith,393,5,18,27,171
391,Brinje,Browning,892,2,16,68,757
392,Evansville,Bluejay,287,5,8,142,500
393,Ukmerge,Glacier Hill,61,5,15,109,413
394,Uyuni,Granby,400,2,4,230,781
395,Davyd-Haradok,Brown,834,3,5,83,285
396,Oss,Surrey,444,5,11,210,261
397,Notodden,Old Shore,195,4,18,222,679
398,Staritsa,School,359,1,2,100,751
399,As Salţ,Gale,325,4,5,294,695
400,Kuwayris Sharqī,Luster,444,2,14,275,449
401,Fenjie,Debra,989,5,15,293,975
402,Dawangzhuang,Lindbergh,412,2,16,294,75
403,Gonayiv,Fairfield,345,3,14,183,449
404,La Esperanza,Dovetail,201,5,4,241,825
405,Yeghvard,Marquette,648,1,6,293,611
406,San Andrés Xecul,Hoard,575,2,16,26,382
407,Santa Isabel,Sycamore,904,2,9,297,522
408,Biryulëvo,Arrowood,306,2,16,177,635
409,Cikadu,Farwell,864,5,17,205,635
410,Devin,Darwin,589,4,15,222,27
411,Nekhayevskiy,Tennyson,34,1,13,11,981
412,Leigao,Mandrake,501,4,5,43,244
413,Uzdin,Homewood,375,3,13,230,247
414,Yueyang,Texas,214,5,20,135,905
415,Lao Suea Kok,Sachtjen,42,3,8,231,130
416,Majiadu,Oneill,63,5,9,109,18
417,Tacoma,Raven,168,3,8,68,990
418,Rogoza,American,977,3,11,69,728
419,Dawuhan,Chinook,676,5,5,264,285
420,Pokrov,Village Green,994,5,17,230,757
421,Holoriang,Acker,955,2,7,282,704
422,Amor,Tony,439,3,19,295,537
423,Prado,Walton,892,5,13,179,612
424,Cachada,Pawling,831,5,2,183,785
425,El Ángel,Northport,844,3,1,212,425
426,Hudiksvall,Bowman,173,1,20,229,95
427,Samajie Ewenkeminzu,Shoshone,301,1,15,261,145
428,Taozhuang,Darwin,816,2,5,14,769
429,Ostankinskiy,Prentice,651,3,1,163,896
430,Działoszyce,Chinook,377,4,4,120,509
431,Khalkhāl,Westridge,607,1,11,163,878
432,Kista,Arrowood,364,1,14,145,926
433,Borek,Park Meadow,384,2,8,265,18
434,San Francisco,Ridgeview,500,3,6,266,906
435,Mingelchaur,Anthes,579,1,8,239,90
436,Taypano,Declaration,242,4,6,282,541
437,Zhangtan,Golden Leaf,640,2,10,77,836
438,Voloshka,Kipling,990,4,14,99,958
439,Lhoknga,Burrows,677,1,10,26,167
440,Koundara,Arkansas,514,3,10,293,471
441,Tata,Milwaukee,751,1,19,159,79
442,Caldas,Surrey,164,1,8,50,588
443,Huaqiao,Dahle,939,4,15,197,328
444,Buinsk,Oriole,58,4,10,160,215
445,Laurel,Rusk,471,5,8,54,488
446,Cipancur,Cherokee,328,4,13,299,857
447,Al Maḩallah al Kubrá,Dexter,854,5,13,196,937
448,Divichibazar,Calypso,638,2,16,214,209
449,Qiaoshi,Eagan,49,2,9,292,922
450,Pasiragung,Caliangt,383,2,8,174,238
451,Chernomorskiy,Spenser,102,5,12,218,628
452,Vel’sk,Chinook,145,2,19,68,734
453,Houping,Bartillon,762,5,20,112,499
454,Ljubuški,Montana,988,3,11,234,947
455,Tissa,Maple Wood,563,4,5,52,823
456,Yangjian,Bunker Hill,859,4,5,149,151
457,Wakuya,Moose,275,3,15,117,23
458,Sanhui,Meadow Ridge,307,1,14,55,588
459,Bay-ang,Nobel,591,4,7,234,670
460,Lecong,Elka,818,3,14,17,862
461,Ungca,Northridge,218,2,17,225,927
462,Glugu,Heffernan,156,1,18,298,1
463,Zaranj,Weeping Birch,485,2,1,234,506
464,Paraiso,Everett,987,2,13,128,850
465,Independencia,Straubel,269,1,18,14,882
466,Zábřeh,Steensland,266,3,11,270,396
467,Novallas,Haas,953,5,5,265,221
468,Matanog,Golf Course,92,2,20,25,965
469,Voznesen’ye,Canary,529,4,4,283,853
470,Laval,Steensland,134,1,1,82,619
471,Jintang,Johnson,520,5,13,142,204
472,Diaopu,Ruskin,429,1,2,19,712
473,Laiyuan,Dryden,101,1,18,271,378
474,Lazaro Cardenas,Victoria,132,4,1,11,657
475,Baishi,Beilfuss,892,1,12,38,993
476,Chenjiatan,Mayer,570,1,4,277,281
477,Aix-en-Provence,Valley Edge,108,1,3,193,914
478,Guáimaro,Lunder,356,2,6,251,64
479,Leigao,Anderson,510,4,11,175,569
480,Alpiarça,Moland,941,2,12,75,668
481,Dabola,Amoth,736,1,14,80,348
482,Kembangkerang Lauk Timur,Kim,118,4,16,248,385
483,Ramana,West,3,1,19,236,638
484,Yaopi,Merrick,814,2,14,118,536
485,Kuteynykove,Delladonna,564,3,15,74,236
486,São Sebastião do Caí,Old Shore,368,1,12,30,77
487,Nubl,Arizona,635,3,12,60,974
488,Žďár nad Sázavou Druhy,Merchant,437,2,7,178,368
489,Xingguo,Clove,614,2,19,162,329
490,Villa Nueva,Summit,745,4,9,295,901
491,Lipnica Wielka,Express,692,5,20,220,172
492,Novodvinsk,Nobel,130,4,11,118,731
493,Oslo,4th,885,4,4,166,918
494,Komiža,Beilfuss,543,1,19,235,323
495,Porecatu,Hallows,382,2,9,103,677
496,Alebtong,Hansons,218,3,19,209,642
497,Esperantina,Schurz,404,2,18,149,931
498,Santa Rita,Jay,942,4,7,275,720
499,Daohe,Springs,823,5,15,180,541
500,Dahua,Oxford,945,1,9,222,147
501,Limanowa,Kipling,167,5,2,213,697
502,Naranjos,Fair Oaks,544,3,11,59,214
503,Massy,Fuller,349,5,20,185,860
504,Zinat,Riverside,79,4,3,137,230
505,Bulod,Onsgard,891,5,7,292,342
506,Jiazhuang,Ruskin,249,5,1,293,228
507,Bebae,Spaight,952,2,5,215,632
508,Halteu,Sunfield,433,5,9,250,897
509,Kieta,Ryan,987,1,12,41,539
510,Itsukaichi,Annamark,632,1,8,146,371
511,Viga,Aberg,300,5,7,2,259
512,Takefu,Hintze,471,2,6,76,177
513,Qiqin,Pawling,200,5,1,86,252
514,Maungatapere,Veith,265,1,18,121,353
515,Zhuyeping,Lotheville,200,1,4,181,647
516,Mae Sai,Jenifer,164,1,13,14,72
517,Ust’-Labinsk,Elmside,721,1,10,253,127
518,Wanying,Elka,221,5,17,35,917
519,Wates,Butternut,975,1,16,203,327
520,Poja,Cordelia,998,1,5,88,534
521,Béré,Anniversary,644,1,10,248,450
522,Luis Donaldo Colosio,Sage,526,1,13,215,569
523,Monze,Eliot,750,5,20,98,525
524,Kŭrdzhali,Sachs,599,4,4,8,263
525,Nidri,Cherokee,209,4,13,42,99
526,Limeil-Brévannes,Algoma,279,5,6,141,716
527,Lamphun,Packers,584,3,15,238,129
528,Orsk,Blue Bill Park,292,4,17,102,870
529,Besançon,Luster,497,4,10,220,878
530,Záhorovice,Coleman,341,1,4,4,649
531,Khlong Hat,Ridgeview,341,3,13,96,947
532,Stockholm,Kim,642,2,6,127,767
533,Caridad,Sullivan,991,4,6,166,102
534,Laḩij,Center,646,3,19,1,2
535,Damanhūr,Charing Cross,250,5,1,289,21
536,Anfusi,Old Shore,275,4,12,85,424
537,São João,Carpenter,803,1,6,237,623
538,Tullich,Bultman,599,4,5,221,347
539,Vatutino,Helena,280,1,15,46,944
540,Gracias,Hintze,46,2,19,118,197
541,Dongjiahe,Iowa,56,2,8,287,689
542,Januszkowice,Red Cloud,408,2,3,235,840
543,Limoges,Wayridge,185,2,1,125,351
544,Nymburk,Crowley,490,5,18,97,898
545,Antsirabe,Lunder,432,3,5,124,4
546,Shuren,Graedel,497,4,17,133,804
547,Bonga,Sycamore,226,4,5,49,175
548,Odzi,Huxley,983,1,12,214,351
549,København,Bluestem,470,4,5,7,854
550,Novovolyns’k,Sycamore,94,1,20,44,591
551,Xiangfu,Ronald Regan,361,5,10,283,622
552,Nkoteng,Fairview,767,2,11,24,22
553,Sabá,Clyde Gallagher,308,3,18,27,811
554,Slobodka,Nancy,421,4,1,204,283
555,Lobatse,Forster,854,3,1,10,850
556,Charlotte,Dakota,947,3,1,255,653
557,Pingshui,Milwaukee,226,3,11,122,129
558,Moravský Krumlov,Stuart,559,1,10,46,136
559,Oroqen Zizhiqi,Lakeland,887,1,4,153,93
560,Kakaek,Ludington,864,2,12,77,175
561,Le Pontet,Mesta,424,1,4,175,13
562,Barvinkove,Red Cloud,229,4,9,170,186
563,Ananindeua,Hauk,811,2,11,227,45
564,Puerto Quijarro,Oak,189,5,16,57,357
565,Yanjiatai,Meadow Vale,834,2,20,13,997
566,Jialou,Armistice,506,3,15,50,10
567,Drenova,Hooker,416,1,12,162,360
568,Qingxi,Logan,871,5,11,247,703
569,Nackawic,Jenifer,316,5,10,60,26
570,Orahovica Donja,Melby,551,1,6,103,236
571,Sundbyberg,Petterle,820,4,12,152,26
572,Fresno,Carey,991,4,17,248,253
573,San Pedro Zacapa,Milwaukee,660,3,20,17,15
574,Ödeshög,Golf,425,1,20,181,295
575,Rogowo,Harbort,573,1,19,29,797
576,Luleå,Bobwhite,730,2,9,41,302
577,Shinao,Farwell,530,1,5,258,808
578,Aimin,Forest Dale,487,1,17,123,235
579,Cibeunying,Randy,30,3,10,222,784
580,Oekero,Stang,304,2,12,6,695
581,Tabwakea Village,Briar Crest,421,3,6,195,527
582,Ell,Leroy,508,4,6,27,880
583,Mundolsheim,John Wall,538,2,19,261,775
584,Kaliska,Towne,533,3,3,208,712
585,Gaoming,Stuart,492,3,16,47,654
586,Manosque,Lindbergh,605,3,12,104,571
587,Hefu,Red Cloud,778,5,19,266,999
588,San Emilio,Pleasure,618,4,13,123,24
589,Biguaçu,Tony,1,3,7,116,572
590,Woha,Helena,542,1,10,282,544
591,Henghe,Nelson,177,3,19,196,118
592,Yuquan,Sommers,726,1,8,209,197
593,Yangmiao,Corry,758,2,13,122,85
594,Utmānzai,Coleman,192,4,13,72,357
595,Ambatolampy,Manitowish,290,3,1,145,827
596,Essen,Scofield,612,3,4,121,185
597,Bekondo,Manitowish,754,5,9,234,414
598,Calamba,Mandrake,655,3,16,197,511
599,Gif-sur-Yvette,Loomis,645,2,9,39,198
600,Hněvotín,Prairieview,58,2,2,220,373
601,Ol’ginskaya,Mosinee,661,1,10,85,190
602,Ágios Efstrátios,Kedzie,824,2,15,240,771
603,Banjar Banyuning Barat,Bluejay,553,2,15,23,223
604,Jorok Dalam,Bayside,190,2,13,58,602
605,Laliki,Magdeline,689,4,20,73,688
606,Chaltyr,Blue Bill Park,90,2,1,297,893
607,Hamilton,Columbus,834,3,14,216,617
608,Kabo,Comanche,638,3,15,112,536
609,Gaofeng,Dorton,237,2,10,213,861
610,Ligonggang,David,413,4,18,161,411
611,Buri,Pierstorff,594,5,6,220,584
612,Watodei,Annamark,233,2,20,287,936
613,Waru,Menomonie,702,2,1,172,393
614,Varberg,Farragut,120,5,7,65,648
615,Domanín,Crest Line,341,4,6,240,192
616,Shetangpo,Quincy,770,4,1,166,681
617,Pehčevo,Sachtjen,777,2,13,173,885
618,Werang,Messerschmidt,690,4,8,23,849
619,Kabacan,Clove,945,5,16,229,309
620,Lodwar,Luster,529,5,6,101,788
621,Beaufort,Springs,533,4,15,24,16
622,Itaquyry,Hintze,386,4,15,224,372
623,Hirakata,Waywood,73,5,6,31,140
624,Xinsheng,Park Meadow,464,4,8,30,141
625,Tân Hưng,Maryland,254,5,2,174,47
626,Minneapolis,Hooker,855,3,10,185,819
627,Suba,Nova,949,3,12,77,91
628,Chiang Yuen,Waywood,733,3,13,69,478
629,Ibotirama,Toban,928,3,17,236,390
630,Hartford,Pawling,979,3,4,93,957
631,Yangjiao,Marcy,810,3,3,103,221
632,Bafilo,Charing Cross,447,1,6,27,809
633,Mekon,Tomscot,89,3,12,21,222
634,Bengtsfors,Sutherland,67,1,7,281,587
635,Muarabadak,Morrow,780,2,18,267,382
636,Campo Largo,Elmside,497,3,3,226,664
637,Zhuxing Chaoxianzu,Melrose,775,4,3,61,476
638,Barwałd Górny,Warner,273,3,2,196,393
639,La Libertad,Blackbird,533,5,8,173,157
640,Clearwater,Quincy,566,3,10,177,391
641,Siyang,Redwing,87,3,3,99,75
642,Nzeto,International,287,1,6,15,548
643,Empedrado,Rowland,689,2,8,191,47
644,Novogornyy,Susan,452,4,2,173,694
645,Mostek,Buena Vista,461,2,1,273,114
646,Vale de Figueira,Nobel,246,1,8,55,587
647,Guane,Village,916,2,20,137,809
648,Gludug,Quincy,974,1,17,244,279
649,Icheon-si,Shoshone,981,1,13,49,722
650,Bukavu,Buhler,590,2,6,168,618
651,Marogong,Fuller,724,3,5,221,215
652,Setonokalong,Longview,210,4,8,96,780
653,Kuala Lumpur,Village Green,395,1,7,221,895
654,Divača,Harper,532,1,20,143,115
655,Duancun,Texas,566,3,11,93,460
656,Tangguhang,Crowley,536,3,1,154,109
657,Ulapes,Moose,109,1,5,196,761
658,Santa Luzia,Ilene,100,2,1,242,67
659,Guancheng,Lukken,670,5,18,178,291
660,Mochudi,Summit,347,1,5,127,36
661,Tunbao,Sunnyside,781,5,10,173,982
662,Phnom Penh,Donald,70,4,4,245,391
663,Buchanan,Melrose,589,2,11,52,681
664,Zhengguo,Bartelt,955,3,20,80,642
665,Twardogóra,Spenser,888,4,3,213,880
666,Codajás,Gateway,978,2,5,123,236
667,Ardabīl,Bluestem,418,1,2,124,95
668,Bulacnin,Golf Course,883,1,17,167,567
669,Ciduren,Mosinee,52,2,13,24,298
670,Charlotte,Vera,233,1,5,290,725
671,Yangtan,Jackson,210,3,10,232,288
672,Pingfeng,Shopko,136,5,1,210,803
673,Jammā‘īn,Anniversary,619,3,10,96,146
674,Quellouno,Judy,878,4,17,287,340
675,Salimbalan,Pleasure,776,5,13,2,69
676,Kalungu,Quincy,763,4,12,58,552
677,Aguisan,Cascade,219,2,9,18,747
678,Krajan,Cardinal,383,2,5,195,769
679,Chaeryŏng-ŭp,Orin,70,2,8,190,269
680,Kalahang,Burning Wood,238,4,9,6,400
681,Pengchang,Blaine,419,1,11,110,24
682,Toulouse,Nelson,108,1,8,102,477
683,Takeshiken,Beilfuss,449,2,8,108,942
684,La Paz Centro,Sullivan,970,2,10,153,993
685,Ruda Maleniecka,Bartillon,901,1,17,262,102
686,Penhold,Valley Edge,562,2,11,194,220
687,Gendiwu,Manufacturers,285,5,16,75,367
688,Ouagadougou,Elka,171,1,12,151,834
689,Qiaotou,Dennis,525,2,2,199,431
690,Couço,Sunbrook,800,3,9,50,250
691,Tam Bình,Manitowish,992,5,18,172,193
692,Kihurio,Daystar,214,2,12,254,329
693,Thoen,Lawn,506,4,19,120,24
694,Roma,Muir,733,4,16,214,991
695,Kario,Sunfield,142,4,3,9,165
696,Silgueiros,Buhler,336,2,7,290,534
697,Mingyue,Dexter,78,5,18,189,642
698,Čair,Menomonie,821,1,4,124,898
699,Tiancheng,Raven,36,1,10,34,642
700,Ishikawa,Northwestern,31,5,4,154,377
701,Rila,Roth,703,4,10,108,919
702,Paris La Défense,American,660,5,9,288,384
703,Ingenio,Dovetail,408,2,6,212,677
704,Puerto Deseado,Pepper Wood,727,3,20,118,786
705,Bol’shoye Skuratovo,Hooker,397,3,8,103,889
706,Panique,Arkansas,622,2,12,164,941
707,Zhaowanzhuang,Randy,715,5,10,69,352
708,Malinaw,Almo,454,5,4,111,271
709,Romorantin-Lanthenay,Burning Wood,958,2,19,242,697
710,Yangzizhou,Merrick,641,3,20,118,333
711,Langarūd,Eastwood,839,3,19,114,244
712,Marseille,Esker,638,4,20,193,494
713,Västerås,Ilene,942,1,6,245,295
714,Braço do Norte,Mayer,372,5,7,299,658
715,Ḩarīb,Summerview,736,5,14,175,74
716,Ordos,Hooker,109,3,11,148,861
717,Timmins,Dexter,177,1,11,50,154
718,Bochov,Oak,488,3,1,76,264
719,Governador Valadares,Moland,296,5,8,124,160
720,Beopwon,Hallows,778,2,16,232,327
721,Kandete,Eliot,804,4,18,152,230
722,Kiarajangkung,Erie,857,4,13,211,577
723,Narva,Meadow Ridge,545,4,9,43,624
724,Rive-de-Gier,Gateway,573,2,10,141,164
725,Sandefjord,Schmedeman,412,4,6,6,408
726,Lameira,Arapahoe,168,1,13,42,268
727,Cañada de Gómez,Chive,387,3,15,289,614
728,Cancas,Lakewood,277,1,18,66,663
729,Saarbrücken,Derek,552,5,18,268,62
730,Zghartā,Brown,7,5,1,251,490
731,Nangang,Waxwing,296,3,2,174,662
732,Conceição do Araguaia,Meadow Ridge,386,1,5,73,583
733,Aemura,Forster,440,3,8,92,677
734,Oslo,Waubesa,485,4,5,80,590
735,São Borja,Glendale,463,4,19,17,38
736,Ambat,Lighthouse Bay,38,1,11,263,32
737,Yaopi,Cody,7,3,9,99,329
738,Borek,Leroy,939,4,14,192,487
739,Guararema,Ronald Regan,531,3,17,111,718
740,Belém,Kingsford,761,5,3,58,284
741,Malasin,Gale,890,2,7,117,459
742,Awat,American Ash,757,4,10,164,500
743,Muqi,Anniversary,517,4,6,5,271
744,Sharga,Carioca,781,5,14,244,916
745,Zaozhuang,2nd,631,1,12,6,842
746,Chinhoyi,Forest,274,1,15,209,884
747,Anaráchi,Katie,813,3,15,170,509
748,Karabanovo,Cambridge,290,1,10,53,670
749,Borovikha,Corben,362,5,4,164,301
750,Gampingan,Donald,576,1,17,219,961
751,Batambak,Marquette,690,5,3,269,604
752,Yajiang,Ridge Oak,82,4,16,268,645
753,Al Muţayrifī,Nova,622,1,17,276,206
754,Banjar Dauhpura,Kingsford,890,3,15,227,117
755,Mixco,Macpherson,828,2,20,290,867
756,Buenos Aires,Meadow Ridge,681,5,4,99,777
757,Opochka,Maywood,340,4,20,254,582
758,Yanaul,Havey,999,1,20,125,154
759,Bai’e,Burning Wood,953,5,14,106,466
760,Capelinha,Judy,289,4,14,61,853
761,Lingbei,Morrow,997,4,16,205,893
762,Busan,Dapin,951,2,17,271,582
763,Hopetown,Northport,183,1,13,158,554
764,Timba Lauk,Nancy,408,5,4,131,247
765,Piedade,Bartelt,445,2,9,295,449
766,Ostrov,Hovde,310,3,2,73,352
767,San Casimiro,Gina,62,5,5,273,285
768,Chegang,Linden,391,4,13,37,258
769,Tongquan,Brickson Park,760,1,3,180,6
770,Areni,Di Loreto,208,5,3,169,11
771,Malveira,Susan,426,5,10,219,698
772,Skövde,Dryden,764,5,5,17,799
773,Liqiao,Browning,587,3,19,87,984
774,El Doncello,John Wall,39,3,15,216,29
775,West Palm Beach,Colorado,622,3,2,193,178
776,Angadanan,Gerald,175,5,4,141,901
777,Touzao,Pawling,807,3,14,269,497
778,Dióni,Lien,226,3,9,245,813
779,Zhaizigou,Hazelcrest,700,2,12,159,550
780,Oster,Oxford,175,4,4,241,806
781,Mỹ Thọ,Northridge,579,3,19,262,823
782,Lucapa,Westerfield,160,5,20,223,259
783,Kikerino,Waywood,772,3,8,291,253
784,Aţ Ţaybah,Northland,778,1,14,183,97
785,Santiago,Lakeland,583,1,16,267,149
786,Maués,Carberry,118,3,13,39,830
787,Yarīm,Duke,689,4,14,201,13
788,Bor Ondor,Roxbury,801,1,2,227,181
789,Sanzhang,8th,246,1,1,69,359
790,Gojō,Farmco,517,2,16,80,246
791,Phunphin,Bluejay,748,3,9,300,472
792,Baolin,Stuart,418,1,5,61,39
793,Jiamachi,Parkside,613,4,12,82,323
794,Pujiang,Scott,838,2,15,153,230
795,Embalse,Riverside,238,2,2,219,606
796,Juuka,Grayhawk,40,2,8,123,633
797,Jixiang,Glacier Hill,859,3,20,161,922
798,Muraloka,Merrick,81,3,8,171,574
799,Talisay,Cordelia,321,3,1,253,50
800,Mūḩ Ḩasan,Fieldstone,77,1,15,235,737
801,Aygepat,Kim,277,2,4,275,935
802,Szczawno-Zdrój,Myrtle,402,1,1,45,93
803,Saryaghash,Quincy,589,2,9,224,766
804,Shigutang,Fisk,14,5,6,253,563
805,Yarumal,Corscot,88,4,18,115,952
806,Liaoyang,Cascade,748,1,5,87,448
807,Moycullen,Maple,406,4,5,284,408
808,Saint Paul,Loeprich,733,1,17,264,902
809,Dikou,Oxford,659,2,9,77,341
810,Jinbi,Fisk,603,4,5,242,20
811,Lužani,Porter,756,2,8,158,395
812,Krychaw,Caliangt,233,4,3,72,425
813,Steblevë,Acker,872,4,7,182,283
814,Bhisho,Debra,15,2,10,102,757
815,Tālīn,Jay,400,4,5,247,680
816,Parakanhonje Wetan,Doe Crossing,46,5,8,20,692
817,Marihatag,Golf Course,329,4,5,279,335
818,Senneterre,Manitowish,289,3,1,2,605
819,Fažana,Springs,148,3,8,227,34
820,Vila Verde,Mariners Cove,952,2,12,187,588
821,Outjo,Vermont,133,5,9,13,549
822,Großklein,Barby,460,4,20,216,78
823,Masape,Shopko,26,1,15,96,562
824,Bennäs,Lotheville,984,2,11,115,439
825,Lunec,Badeau,306,5,1,251,913
826,Baishi,Mccormick,143,1,19,170,777
827,Göteborg,Oxford,91,1,20,24,128
828,Little Rock,Texas,237,4,9,137,331
829,Kittilä,Utah,310,4,14,155,82
830,Mişrātah,Thompson,961,3,18,300,673
831,Ramat Gan,Pennsylvania,112,4,18,141,812
832,Camiri,Karstens,740,4,16,137,356
833,Malanje,Sauthoff,25,1,2,206,361
834,Västerås,Sunnyside,45,2,1,252,963
835,Cibunar,Riverside,112,2,11,137,543
836,Banjar Batanpoh,Coolidge,321,5,4,128,511
837,Pandat,Miller,23,4,2,189,723
838,Rybatskoye,Lotheville,222,1,4,192,453
839,Isahaya,Anderson,317,2,10,176,343
840,Norton,Nancy,351,5,7,208,907
841,Pyshchug,Evergreen,820,1,10,170,484
842,Cikeusal,Hoard,201,3,16,45,575
843,Chemerivtsi,Scott,242,5,8,252,306
844,Bejuco,Di Loreto,475,3,6,266,190
845,Chengdong,Longview,401,1,20,254,892
846,Talca,Westport,599,4,10,59,162
847,Colorado Springs,Huxley,169,2,4,107,465
848,Lanlacuni Bajo,Graceland,567,2,15,20,634
849,Kazanskoye,Chive,836,1,15,119,695
850,Langqi,Londonderry,71,4,11,187,446
851,Nalbandyan,Daystar,655,3,2,102,942
852,Kuncen,Mitchell,771,3,16,84,388
853,Baiquan,Kipling,913,2,13,277,406
854,No Kunda,Eliot,377,2,14,182,878
855,Sarnów,Barby,765,1,6,191,566
856,Verkhniy Mamon,Ryan,472,4,9,277,280
857,Shuiyuan,Forest,509,5,14,24,861
858,Huangben,Vahlen,166,2,16,141,822
859,Anávra,Saint Paul,991,2,20,223,507
860,Luna,Miller,36,4,17,199,599
861,Inhumas,Huxley,278,3,17,79,454
862,Kaset Wisai,Pankratz,587,3,1,290,875
863,Xincheng,Packers,183,4,19,32,472
864,Mandera,Longview,727,2,4,238,93
865,Gniezno,Towne,81,4,18,109,84
866,Kępie Żaleszańskie,Cardinal,242,4,15,7,525
867,Yelenendorf,Fieldstone,77,3,14,190,111
868,Mehrābpur,Prairieview,480,2,18,213,56
869,Houxixi,Corry,845,5,5,90,71
870,Muroto-misakicho,Doe Crossing,11,2,5,102,242
871,Napak,Summerview,625,1,1,125,453
872,Albuquerque,Welch,198,2,14,233,802
873,General Pinedo,Cottonwood,405,4,14,184,339
874,Bogor,Sundown,756,1,19,79,964
875,Fussa,Holmberg,972,2,4,10,478
876,Bangonay,Bartillon,780,1,6,21,941
877,Sri Jayewardenepura Kotte,Rutledge,274,5,12,111,753
878,Floridablanca,Grim,388,1,2,79,952
879,Qorovulbozor Shahri,Clove,521,5,16,41,33
880,Benito Juarez,Larry,656,5,16,73,788
881,Huzhen,Westridge,1,5,11,210,630
882,Mikhnëvo,Pierstorff,678,4,18,151,847
883,As Suwaydā’,Sachs,290,4,6,18,930
884,Likhovskoy,Redwing,571,1,19,68,200
885,Sherwood Park,Fordem,161,5,9,225,433
886,Pueblo Nuevo,Hudson,496,2,12,175,833
887,Baizhu,Golden Leaf,965,5,6,49,715
888,Hoàn Kiếm,Hallows,416,4,5,226,108
889,Bechlín,North,546,3,16,264,765
890,Del Valle,Lawn,847,1,14,13,494
891,Batawa,Almo,370,5,14,271,377
892,Konstancin-Jeziorna,Glacier Hill,943,3,18,294,586
893,Independencia,Blaine,894,3,11,137,630
894,Jiudu,Anzinger,670,3,20,170,24
895,Maloco,Swallow,414,4,7,63,263
896,Taihe,Mendota,717,4,5,230,885
897,Oxford,Badeau,394,3,7,247,961
898,Xinfeng,Northland,115,1,6,200,864
899,Zelenodolsk,Buena Vista,917,3,7,285,402
900,Hayes,Blackbird,87,1,1,132,17
901,Capulaan,David,220,1,12,90,226
902,London,Garrison,679,5,14,133,528
903,Thị Trấn Mường Tè,Ruskin,60,1,2,176,163
904,Przasnysz,Melvin,394,4,7,161,356
905,Santa Ignacia,Prairieview,661,5,15,63,8
906,Chenfangji,Clyde Gallagher,797,4,20,219,251
907,Cereté,Nobel,846,5,15,67,979
908,Zhongxiang,Jenifer,578,3,13,268,110
909,Kirawsk,Spenser,460,5,4,152,880
910,Longju,Nova,294,1,10,120,795
911,Guapi,Norway Maple,221,1,12,266,1000
912,Urbano Noris,Hagan,47,4,5,53,274
913,Pirogovo,Stang,937,1,1,222,445
914,Espinal,Sachs,587,4,1,133,611
915,Umbanyar,Bay,913,2,2,260,598
916,Licheng,Golf Course,42,5,2,212,124
917,Sumberarumkrajan,Morningstar,459,5,10,171,195
918,Túquerres,Northfield,714,1,15,120,801
919,Ordino,Kim,428,5,16,97,570
920,Šardice,Manitowish,97,1,2,293,324
921,New Glasgow,Bobwhite,927,5,3,207,613
922,Oliveirinha,Bunker Hill,535,3,19,278,339
923,San Julian,Sage,26,2,8,158,416
924,Minle,Farragut,292,1,14,222,387
925,Yampil’,Parkside,335,5,4,153,939
926,Taverny,Scoville,789,5,18,192,161
927,Karlstad,Milwaukee,586,2,6,245,792
928,Chyšky,Hudson,869,5,6,214,441
929,Ban Huai Thalaeng,Dahle,859,5,5,249,608
930,Renhe,Roth,253,2,15,258,826
931,Ribeiro,Hanson,17,5,20,62,893
932,Hwange,Vidon,276,1,17,188,47
933,Guadalupe Victoria,Springview,955,2,15,74,2
934,São Bartolomeu,Eastlawn,811,4,1,156,284
935,Macheng,Moulton,504,2,7,263,564
936,Heping,Harbort,667,5,15,268,439
937,Senhor da Serra,Mayfield,323,1,20,279,639
938,Meylan,Jenifer,536,3,1,26,52
939,Viñac,Manitowish,177,3,1,156,187
940,Citeureup,Maryland,717,5,18,22,956
941,Venlo,Havey,574,4,7,174,718
942,Ponggok,Holy Cross,892,5,8,60,915
943,Buffalo,Michigan,174,1,12,89,83
944,Kamyshevka Vtoraya,Annamark,418,4,16,281,613
945,Feričanci,Welch,288,3,9,74,196
946,Itapecuru Mirim,Westerfield,398,1,1,72,951
947,Khelyulya,Lighthouse Bay,429,5,2,58,755
948,Flórina,Main,924,5,4,263,969
949,Shlissel’burg,Elka,445,4,17,12,137
950,Hōfu,North,664,3,5,169,818
951,Shibi,Tennyson,776,5,16,212,754
952,Upton,Village,279,1,9,98,293
953,Vällingby,Vahlen,477,3,18,202,9
954,Minato,Shopko,275,4,1,114,579
955,Bandung,Beilfuss,452,4,3,12,795
956,Baishan,Linden,454,4,8,242,859
957,Kandang Timur,Kedzie,334,3,9,21,936
958,Menlou,Everett,26,4,5,153,222
959,Wa,Fallview,943,2,1,100,914
960,San Jacinto,Porter,369,1,7,86,182
961,Luhans’ke,Claremont,208,4,17,67,959
962,Kushk,Sommers,439,1,10,86,803
963,Mrongi Daja,Shasta,96,1,20,196,538
964,Tojeira,Golf,227,5,9,300,262
965,Idanre,Green Ridge,96,1,3,67,562
966,Fandriana,Mockingbird,101,1,11,265,709
967,Tulyushka,Londonderry,27,3,20,184,764
968,Paobokol,Farragut,296,3,13,71,607
969,Homa Bay,Hintze,516,4,8,186,563
970,Shengli,Hayes,574,2,12,149,930
971,Savannah,Maple,200,5,10,131,772
972,Wangping,Mesta,173,1,10,102,623
973,Brušperk,Shasta,149,1,1,267,270
974,Shakhun’ya,Hollow Ridge,726,3,17,142,578
975,Santa Rita do Passa Quatro,Trailsway,155,2,17,36,848
976,Renshan,Erie,460,1,1,92,456
977,Chokwé,Erie,992,2,15,91,284
978,Comitancillo,Kingsford,933,1,15,92,8
979,Ambon,Shopko,338,4,7,47,921
980,Banjiang,Butterfield,266,2,15,127,515
981,Cileunyi,Rutledge,825,3,19,236,669
982,Gislaved,Riverside,667,5,20,173,457
983,Niort,Ridge Oak,495,2,3,164,585
984,Limushan,Vahlen,601,1,16,254,131
985,Patquía,Cottonwood,908,2,13,298,857
986,Vecumnieki,Orin,704,1,12,293,688
987,Bryansk,Sycamore,893,2,5,18,452
988,Tapayan,Oneill,832,4,6,18,712
989,Santa Lucia,Eagle Crest,525,1,5,63,593
990,Gongdao,Cardinal,805,2,19,278,211
991,Otterburn Park,Hazelcrest,973,1,10,67,949
992,Gunungmanik,Anniversary,362,4,5,15,542
993,Banjarsari,Red Cloud,217,2,20,245,502
994,Shchelkovo,Rowland,590,5,14,208,292
995,Dongkan,High Crossing,694,4,2,61,899
996,Yakovlevo,Old Gate,118,1,3,126,410
997,Wangjiahe,Katie,82,4,3,96,246
998,Sangiang,Main,776,3,19,300,3
999,Bonoua,Sunnyside,168,1,20,236,85
1000,Modřice,Sage,747,4,3,38,771
